-- --------------------------------------------------------
-- Host:                         localhost
-- Versión del servidor:         10.1.38-MariaDB - mariadb.org binary distribution
-- SO del servidor:              Win64
-- HeidiSQL Versión:             10.1.0.5545
-- --------------------------------------------------------

/*!40101 SET @OLD_CHARACTER_SET_CLIENT=@@CHARACTER_SET_CLIENT */;
/*!40101 SET NAMES utf8 */;
/*!50503 SET NAMES utf8mb4 */;
/*!40014 SET @OLD_FOREIGN_KEY_CHECKS=@@FOREIGN_KEY_CHECKS, FOREIGN_KEY_CHECKS=0 */;
/*!40101 SET @OLD_SQL_MODE=@@SQL_MODE, SQL_MODE='NO_AUTO_VALUE_ON_ZERO' */;


-- Volcando estructura de base de datos para db_proyectofarmacia
DROP DATABASE IF EXISTS `db_proyectofarmacia`;
CREATE DATABASE IF NOT EXISTS `db_proyectofarmacia` /*!40100 DEFAULT CHARACTER SET utf8 COLLATE utf8_spanish2_ci */;
USE `db_proyectofarmacia`;

-- Volcando estructura para tabla db_proyectofarmacia.tb_carritos
DROP TABLE IF EXISTS `tb_carritos`;
CREATE TABLE IF NOT EXISTS `tb_carritos` (
  `id_carrito` int(11) NOT NULL,
  `id_producto` int(11) DEFAULT NULL,
  `cant_producto` int(11) DEFAULT NULL,
  `id_cliente` int(11) DEFAULT NULL,
  PRIMARY KEY (`id_carrito`),
  KEY `id_producto` (`id_producto`),
  KEY `id_cliente` (`id_cliente`),
  CONSTRAINT `tb_carritos_ibfk_1` FOREIGN KEY (`id_cliente`) REFERENCES `tb_clientes` (`id_cliente`),
  CONSTRAINT `tb_carritos_ibfk_2` FOREIGN KEY (`id_producto`) REFERENCES `tb_productos` (`id_producto`)
) ENGINE=InnoDB DEFAULT CHARSET=utf8 COLLATE=utf8_spanish2_ci;

-- Volcando datos para la tabla db_proyectofarmacia.tb_carritos: ~0 rows (aproximadamente)
/*!40000 ALTER TABLE `tb_carritos` DISABLE KEYS */;
/*!40000 ALTER TABLE `tb_carritos` ENABLE KEYS */;

-- Volcando estructura para tabla db_proyectofarmacia.tb_ciudades
DROP TABLE IF EXISTS `tb_ciudades`;
CREATE TABLE IF NOT EXISTS `tb_ciudades` (
  `id_ciudad` int(11) NOT NULL,
  `nom_ciudad` varchar(50) COLLATE utf8_spanish2_ci DEFAULT NULL,
  `id_departamento` int(11) DEFAULT NULL,
  PRIMARY KEY (`id_ciudad`),
  KEY `id_departamento` (`id_departamento`),
  CONSTRAINT `tb_ciudades_ibfk_1` FOREIGN KEY (`id_departamento`) REFERENCES `tb_departamento` (`id_departamento`)
) ENGINE=InnoDB DEFAULT CHARSET=utf8 COLLATE=utf8_spanish2_ci;

-- Volcando datos para la tabla db_proyectofarmacia.tb_ciudades: ~1.004 rows (aproximadamente)
/*!40000 ALTER TABLE `tb_ciudades` DISABLE KEYS */;
REPLACE INTO `tb_ciudades` (`id_ciudad`, `nom_ciudad`, `id_departamento`) VALUES
	(5001, 'MEDELLIN', 5),
	(5002, 'ABEJORRAL', 5),
	(5004, 'ABRIAQUI', 5),
	(5021, 'ALEJANDRIA', 5),
	(5030, 'AMAGA', 5),
	(5031, 'AMALFI', 5),
	(5034, 'ANDES', 5),
	(5036, 'ANGELOPOLIS', 5),
	(5038, 'ANGOSTURA', 5),
	(5040, 'ANORI', 5),
	(5042, 'SANTAFE DE ANTIOQUIA', 5),
	(5044, 'ANZA', 5),
	(5045, 'APARTADO', 5),
	(5051, 'ARBOLETES', 5),
	(5055, 'ARGELIA', 5),
	(5059, 'ARMENIA', 5),
	(5079, 'BARBOSA', 5),
	(5086, 'BELMIRA', 5),
	(5088, 'BELLO', 5),
	(5091, 'BETANIA', 5),
	(5093, 'BETULIA', 5),
	(5101, 'CIUDAD BOLIVAR', 5),
	(5107, 'BRICE?O', 5),
	(5113, 'BURITICA', 5),
	(5120, 'CACERES', 5),
	(5125, 'CAICEDO', 5),
	(5129, 'CALDAS', 5),
	(5134, 'CAMPAMENTO', 5),
	(5138, 'CA?ASGORDAS', 5),
	(5142, 'CARACOLI', 5),
	(5145, 'CARAMANTA', 5),
	(5147, 'CAREPA', 5),
	(5148, 'EL CARMEN DE VIBORAL', 5),
	(5150, 'CAROLINA', 5),
	(5154, 'CAUCASIA', 5),
	(5172, 'CHIGORODO', 5),
	(5190, 'CISNEROS', 5),
	(5197, 'COCORNA', 5),
	(5206, 'CONCEPCION', 5),
	(5209, 'CONCORDIA', 5),
	(5212, 'COPACABANA', 5),
	(5234, 'DABEIBA', 5),
	(5237, 'DON MATIAS', 5),
	(5240, 'EBEJICO', 5),
	(5250, 'EL BAGRE', 5),
	(5264, 'ENTRERRIOS', 5),
	(5266, 'ENVIGADO', 5),
	(5282, 'FREDONIA', 5),
	(5284, 'FRONTINO', 5),
	(5306, 'GIRALDO', 5),
	(5308, 'GIRARDOTA', 5),
	(5310, 'GOMEZ PLATA', 5),
	(5313, 'GRANADA', 5),
	(5315, 'GUADALUPE', 5),
	(5318, 'GUARNE', 5),
	(5321, 'GUATAPE', 5),
	(5347, 'HELICONIA', 5),
	(5353, 'HISPANIA', 5),
	(5360, 'ITAGUI', 5),
	(5361, 'ITUANGO', 5),
	(5364, 'JARDIN', 5),
	(5368, 'JERICO', 5),
	(5376, 'LA CEJA', 5),
	(5380, 'LA ESTRELLA', 5),
	(5390, 'LA PINTADA', 5),
	(5400, 'LA UNION', 5),
	(5411, 'LIBORINA', 5),
	(5425, 'MACEO', 5),
	(5440, 'MARINILLA', 5),
	(5467, 'MONTEBELLO', 5),
	(5475, 'MURINDO', 5),
	(5480, 'MUTATA', 5),
	(5483, 'NARI?O', 5),
	(5490, 'NECOCLI', 5),
	(5495, 'NECHI', 5),
	(5501, 'OLAYA', 5),
	(5541, 'PE?OL', 5),
	(5543, 'PEQUE', 5),
	(5576, 'PUEBLORRICO', 5),
	(5579, 'PUERTO BERRIO', 5),
	(5585, 'PUERTO NARE', 5),
	(5591, 'PUERTO TRIUNFO', 5),
	(5604, 'REMEDIOS', 5),
	(5607, 'RETIRO', 5),
	(5615, 'RIONEGRO', 5),
	(5628, 'SABANALARGA', 5),
	(5631, 'SABANETA', 5),
	(5642, 'SALGAR', 5),
	(5647, 'SAN ANDRES DE CUERQUIA', 5),
	(5649, 'SAN CARLOS', 5),
	(5652, 'SAN FRANCISCO', 5),
	(5656, 'SAN JERONIMO', 5),
	(5658, 'SAN JOSE DE LA MONTA?A', 5),
	(5659, 'SAN JUAN DE URABA', 5),
	(5660, 'SAN LUIS', 5),
	(5664, 'SAN PEDRO', 5),
	(5665, 'SAN PEDRO DE URABA', 5),
	(5667, 'SAN RAFAEL', 5),
	(5670, 'SAN ROQUE', 5),
	(5674, 'SAN VICENTE', 5),
	(5679, 'SANTA BARBARA', 5),
	(5686, 'SANTA ROSA DE OSOS', 5),
	(5690, 'SANTO DOMINGO', 5),
	(5697, 'EL SANTUARIO', 5),
	(5736, 'SEGOVIA', 5),
	(5756, 'SONSON', 5),
	(5761, 'SOPETRAN', 5),
	(5789, 'TAMESIS', 5),
	(5790, 'TARAZA', 5),
	(5792, 'TARSO', 5),
	(5809, 'TITIRIBI', 5),
	(5819, 'TOLEDO', 5),
	(5837, 'TURBO', 5),
	(5842, 'URAMITA', 5),
	(5847, 'URRAO', 5),
	(5854, 'VALDIVIA', 5),
	(5856, 'VALPARAISO', 5),
	(5858, 'VEGACHI', 5),
	(5861, 'VENECIA', 5),
	(5873, 'VIGIA DEL FUERTE', 5),
	(5885, 'YALI', 5),
	(5887, 'YARUMAL', 5),
	(5890, 'YOLOMBO', 5),
	(5893, 'YONDO', 5),
	(5895, 'ZARAGOZA', 5),
	(8001, 'BARRANQUILLA', 8),
	(8078, 'BARANOA', 8),
	(8137, 'CAMPO DE LA CRUZ', 8),
	(8141, 'CANDELARIA', 8),
	(8296, 'GALAPA', 8),
	(8372, 'JUAN DE ACOSTA', 8),
	(8421, 'LURUACO', 8),
	(8433, 'MALAMBO', 8),
	(8436, 'MANATI', 8),
	(8520, 'PALMAR DE VARELA', 8),
	(8549, 'PIOJO', 8),
	(8558, 'POLONUEVO', 8),
	(8560, 'PONEDERA', 8),
	(8573, 'PUERTO COLOMBIA', 8),
	(8606, 'REPELON', 8),
	(8634, 'SABANAGRANDE', 8),
	(8638, 'SABANALARGA', 8),
	(8675, 'SANTA LUCIA', 8),
	(8685, 'SANTO TOMAS', 8),
	(8758, 'SOLEDAD', 8),
	(8770, 'SUAN', 8),
	(8832, 'TUBARA', 8),
	(8849, 'USIACURI', 8),
	(11001, 'BOGOTA, D.C.', 11),
	(13001, 'CARTAGENA', 13),
	(13006, 'ACHI', 13),
	(13030, 'ALTOS DEL ROSARIO', 13),
	(13042, 'ARENAL', 13),
	(13052, 'ARJONA', 13),
	(13062, 'ARROYOHONDO', 13),
	(13074, 'BARRANCO DE LOBA', 13),
	(13140, 'CALAMAR', 13),
	(13160, 'CANTAGALLO', 13),
	(13188, 'CICUCO', 13),
	(13212, 'CORDOBA', 13),
	(13222, 'CLEMENCIA', 13),
	(13244, 'EL CARMEN DE BOLIVAR', 13),
	(13248, 'EL GUAMO', 13),
	(13268, 'EL PE?ON', 13),
	(13300, 'HATILLO DE LOBA', 13),
	(13430, 'MAGANGUE', 13),
	(13433, 'MAHATES', 13),
	(13440, 'MARGARITA', 13),
	(13442, 'MARIA LA BAJA', 13),
	(13458, 'MONTECRISTO', 13),
	(13468, 'MOMPOS', 13),
	(13473, 'MORALES', 13),
	(13490, 'NOROSI', 13),
	(13549, 'PINILLOS', 13),
	(13580, 'REGIDOR', 13),
	(13600, 'RIO VIEJO', 13),
	(13620, 'SAN CRISTOBAL', 13),
	(13647, 'SAN ESTANISLAO', 13),
	(13650, 'SAN FERNANDO', 13),
	(13654, 'SAN JACINTO', 13),
	(13655, 'SAN JACINTO DEL CAUCA', 13),
	(13657, 'SAN JUAN NEPOMUCENO', 13),
	(13667, 'SAN MARTIN DE LOBA', 13),
	(13670, 'SAN PABLO', 13),
	(13673, 'SANTA CATALINA', 13),
	(13683, 'SANTA ROSA', 13),
	(13688, 'SANTA ROSA DEL SUR', 13),
	(13744, 'SIMITI', 13),
	(13760, 'SOPLAVIENTO', 13),
	(13780, 'TALAIGUA NUEVO', 13),
	(13810, 'TIQUISIO', 13),
	(13836, 'TURBACO', 13),
	(13838, 'TURBANA', 13),
	(13873, 'VILLANUEVA', 13),
	(13894, 'ZAMBRANO', 13),
	(15001, 'TUNJA', 15),
	(15022, 'ALMEIDA', 15),
	(15047, 'AQUITANIA', 15),
	(15051, 'ARCABUCO', 15),
	(15087, 'BELEN', 15),
	(15090, 'BERBEO', 15),
	(15092, 'BETEITIVA', 15),
	(15097, 'BOAVITA', 15),
	(15104, 'BOYACA', 15),
	(15106, 'BRICE?O', 15),
	(15109, 'BUENAVISTA', 15),
	(15114, 'BUSBANZA', 15),
	(15131, 'CALDAS', 15),
	(15135, 'CAMPOHERMOSO', 15),
	(15162, 'CERINZA', 15),
	(15172, 'CHINAVITA', 15),
	(15176, 'CHIQUINQUIRA', 15),
	(15180, 'CHISCAS', 15),
	(15183, 'CHITA', 15),
	(15185, 'CHITARAQUE', 15),
	(15187, 'CHIVATA', 15),
	(15189, 'CIENEGA', 15),
	(15204, 'COMBITA', 15),
	(15212, 'COPER', 15),
	(15215, 'CORRALES', 15),
	(15218, 'COVARACHIA', 15),
	(15223, 'CUBARA', 15),
	(15224, 'CUCAITA', 15),
	(15226, 'CUITIVA', 15),
	(15232, 'CHIQUIZA', 15),
	(15236, 'CHIVOR', 15),
	(15238, 'DUITAMA', 15),
	(15244, 'EL COCUY', 15),
	(15248, 'EL ESPINO', 15),
	(15272, 'FIRAVITOBA', 15),
	(15276, 'FLORESTA', 15),
	(15293, 'GACHANTIVA', 15),
	(15296, 'GAMEZA', 15),
	(15299, 'GARAGOA', 15),
	(15317, 'GUACAMAYAS', 15),
	(15322, 'GUATEQUE', 15),
	(15325, 'GUAYATA', 15),
	(15332, 'GsICAN', 15),
	(15362, 'IZA', 15),
	(15367, 'JENESANO', 15),
	(15368, 'JERICO', 15),
	(15377, 'LABRANZAGRANDE', 15),
	(15380, 'LA CAPILLA', 15),
	(15401, 'LA VICTORIA', 15),
	(15403, 'LA UVITA', 15),
	(15407, 'VILLA DE LEYVA', 15),
	(15425, 'MACANAL', 15),
	(15442, 'MARIPI', 15),
	(15455, 'MIRAFLORES', 15),
	(15464, 'MONGUA', 15),
	(15466, 'MONGUI', 15),
	(15469, 'MONIQUIRA', 15),
	(15476, 'MOTAVITA', 15),
	(15480, 'MUZO', 15),
	(15491, 'NOBSA', 15),
	(15494, 'NUEVO COLON', 15),
	(15500, 'OICATA', 15),
	(15507, 'OTANCHE', 15),
	(15511, 'PACHAVITA', 15),
	(15514, 'PAEZ', 15),
	(15516, 'PAIPA', 15),
	(15518, 'PAJARITO', 15),
	(15522, 'PANQUEBA', 15),
	(15531, 'PAUNA', 15),
	(15533, 'PAYA', 15),
	(15537, 'PAZ DE RIO', 15),
	(15542, 'PESCA', 15),
	(15550, 'PISBA', 15),
	(15572, 'PUERTO BOYACA', 15),
	(15580, 'QUIPAMA', 15),
	(15599, 'RAMIRIQUI', 15),
	(15600, 'RAQUIRA', 15),
	(15621, 'RONDON', 15),
	(15632, 'SABOYA', 15),
	(15638, 'SACHICA', 15),
	(15646, 'SAMACA', 15),
	(15660, 'SAN EDUARDO', 15),
	(15664, 'SAN JOSE DE PARE', 15),
	(15667, 'SAN LUIS DE GACENO', 15),
	(15673, 'SAN MATEO', 15),
	(15676, 'SAN MIGUEL DE SEMA', 15),
	(15681, 'SAN PABLO DE BORBUR', 15),
	(15686, 'SANTANA', 15),
	(15690, 'SANTA MARIA', 15),
	(15693, 'SANTA ROSA DE VITERBO', 15),
	(15696, 'SANTA SOFIA', 15),
	(15720, 'SATIVANORTE', 15),
	(15723, 'SATIVASUR', 15),
	(15740, 'SIACHOQUE', 15),
	(15753, 'SOATA', 15),
	(15755, 'SOCOTA', 15),
	(15757, 'SOCHA', 15),
	(15759, 'SOGAMOSO', 15),
	(15761, 'SOMONDOCO', 15),
	(15762, 'SORA', 15),
	(15763, 'SOTAQUIRA', 15),
	(15764, 'SORACA', 15),
	(15774, 'SUSACON', 15),
	(15776, 'SUTAMARCHAN', 15),
	(15778, 'SUTATENZA', 15),
	(15790, 'TASCO', 15),
	(15798, 'TENZA', 15),
	(15804, 'TIBANA', 15),
	(15806, 'TIBASOSA', 15),
	(15808, 'TINJACA', 15),
	(15810, 'TIPACOQUE', 15),
	(15814, 'TOCA', 15),
	(15816, 'TOGsI', 15),
	(15820, 'TOPAGA', 15),
	(15822, 'TOTA', 15),
	(15832, 'TUNUNGUA', 15),
	(15835, 'TURMEQUE', 15),
	(15837, 'TUTA', 15),
	(15839, 'TUTAZA', 15),
	(15842, 'UMBITA', 15),
	(15861, 'VENTAQUEMADA', 15),
	(15879, 'VIRACACHA', 15),
	(15897, 'ZETAQUIRA', 15),
	(17001, 'MANIZALES', 17),
	(17013, 'AGUADAS', 17),
	(17042, 'ANSERMA', 17),
	(17050, 'ARANZAZU', 17),
	(17088, 'BELALCAZAR', 17),
	(17174, 'CHINCHINA', 17),
	(17272, 'FILADELFIA', 17),
	(17380, 'LA DORADA', 17),
	(17388, 'LA MERCED', 17),
	(17433, 'MANZANARES', 17),
	(17442, 'MARMATO', 17),
	(17444, 'MARQUETALIA', 17),
	(17446, 'MARULANDA', 17),
	(17486, 'NEIRA', 17),
	(17495, 'NORCASIA', 17),
	(17513, 'PACORA', 17),
	(17524, 'PALESTINA', 17),
	(17541, 'PENSILVANIA', 17),
	(17614, 'RIOSUCIO', 17),
	(17616, 'RISARALDA', 17),
	(17653, 'SALAMINA', 17),
	(17662, 'SAMANA', 17),
	(17665, 'SAN JOSE', 17),
	(17777, 'SUPIA', 17),
	(17867, 'VICTORIA', 17),
	(17873, 'VILLAMARIA', 17),
	(17877, 'VITERBO', 17),
	(18001, 'FLORENCIA', 18),
	(18029, 'ALBANIA', 18),
	(18094, 'BELEN DE LOS ANDAQUIES', 18),
	(18150, 'CARTAGENA DEL CHAIRA', 18),
	(18205, 'CURILLO', 18),
	(18247, 'EL DONCELLO', 18),
	(18256, 'EL PAUJIL', 18),
	(18410, 'LA MONTA?ITA', 18),
	(18460, 'MILAN', 18),
	(18479, 'MORELIA', 18),
	(18592, 'PUERTO RICO', 18),
	(18610, 'SAN JOSE DEL FRAGUA', 18),
	(18753, 'SAN VICENTE DEL CAGUAN', 18),
	(18756, 'SOLANO', 18),
	(18785, 'SOLITA', 18),
	(18860, 'VALPARAISO', 18),
	(19001, 'POPAYAN', 19),
	(19022, 'ALMAGUER', 19),
	(19050, 'ARGELIA', 19),
	(19075, 'BALBOA', 19),
	(19100, 'BOLIVAR', 19),
	(19110, 'BUENOS AIRES', 19),
	(19130, 'CAJIBIO', 19),
	(19137, 'CALDONO', 19),
	(19142, 'CALOTO', 19),
	(19212, 'CORINTO', 19),
	(19256, 'EL TAMBO', 19),
	(19290, 'FLORENCIA', 19),
	(19300, 'GUACHENE', 19),
	(19318, 'GUAPI', 19),
	(19355, 'INZA', 19),
	(19364, 'JAMBALO', 19),
	(19392, 'LA SIERRA', 19),
	(19397, 'LA VEGA', 19),
	(19418, 'LOPEZ', 19),
	(19450, 'MERCADERES', 19),
	(19455, 'MIRANDA', 19),
	(19473, 'MORALES', 19),
	(19513, 'PADILLA', 19),
	(19517, 'PAEZ', 19),
	(19532, 'PATIA', 19),
	(19533, 'PIAMONTE', 19),
	(19548, 'PIENDAMO', 19),
	(19573, 'PUERTO TEJADA', 19),
	(19585, 'PURACE', 19),
	(19622, 'ROSAS', 19),
	(19693, 'SAN SEBASTIAN', 19),
	(19698, 'SANTANDER DE QUILICHAO', 19),
	(19701, 'SANTA ROSA', 19),
	(19743, 'SILVIA', 19),
	(19760, 'SOTARA', 19),
	(19780, 'SUAREZ', 19),
	(19785, 'SUCRE', 19),
	(19807, 'TIMBIO', 19),
	(19809, 'TIMBIQUI', 19),
	(19821, 'TORIBIO', 19),
	(19824, 'TOTORO', 19),
	(19845, 'VILLA RICA', 19),
	(20001, 'VALLEDUPAR', 20),
	(20011, 'AGUACHICA', 20),
	(20013, 'AGUSTIN CODAZZI', 20),
	(20032, 'ASTREA', 20),
	(20045, 'BECERRIL', 20),
	(20060, 'BOSCONIA', 20),
	(20175, 'CHIMICHAGUA', 20),
	(20178, 'CHIRIGUANA', 20),
	(20228, 'CURUMANI', 20),
	(20238, 'EL COPEY', 20),
	(20250, 'EL PASO', 20),
	(20295, 'GAMARRA', 20),
	(20310, 'GONZALEZ', 20),
	(20383, 'LA GLORIA', 20),
	(20400, 'LA JAGUA DE IBIRICO', 20),
	(20443, 'MANAURE', 20),
	(20517, 'PAILITAS', 20),
	(20550, 'PELAYA', 20),
	(20570, 'PUEBLO BELLO', 20),
	(20614, 'RIO DE ORO', 20),
	(20621, 'LA PAZ', 20),
	(20710, 'SAN ALBERTO', 20),
	(20750, 'SAN DIEGO', 20),
	(20770, 'SAN MARTIN', 20),
	(20787, 'TAMALAMEQUE', 20),
	(23001, 'MONTERIA', 23),
	(23068, 'AYAPEL', 23),
	(23079, 'BUENAVISTA', 23),
	(23090, 'CANALETE', 23),
	(23162, 'CERETE', 23),
	(23168, 'CHIMA', 23),
	(23182, 'CHINU', 23),
	(23189, 'CIENAGA DE ORO', 23),
	(23300, 'COTORRA', 23),
	(23350, 'LA APARTADA', 23),
	(23417, 'LORICA', 23),
	(23419, 'LOS CORDOBAS', 23),
	(23464, 'MOMIL', 23),
	(23466, 'MONTELIBANO', 23),
	(23500, 'MO?ITOS', 23),
	(23555, 'PLANETA RICA', 23),
	(23570, 'PUEBLO NUEVO', 23),
	(23574, 'PUERTO ESCONDIDO', 23),
	(23580, 'PUERTO LIBERTADOR', 23),
	(23586, 'PURISIMA', 23),
	(23660, 'SAHAGUN', 23),
	(23670, 'SAN ANDRES SOTAVENTO', 23),
	(23672, 'SAN ANTERO', 23),
	(23675, 'SAN BERNARDO DEL VIENTO', 23),
	(23678, 'SAN CARLOS', 23),
	(23686, 'SAN PELAYO', 23),
	(23807, 'TIERRALTA', 23),
	(23855, 'VALENCIA', 23),
	(27001, 'QUIBDO', 27),
	(27006, 'ACANDI', 27),
	(27025, 'ALTO BAUDO', 27),
	(27050, 'ATRATO', 27),
	(27073, 'BAGADO', 27),
	(27075, 'BAHIA SOLANO', 27),
	(27077, 'BAJO BAUDO', 27),
	(27099, 'BOJAYA', 27),
	(27135, 'EL CANTON DEL SAN PABLO', 27),
	(27150, 'CARMEN DEL DARIEN', 27),
	(27160, 'CERTEGUI', 27),
	(27205, 'CONDOTO', 27),
	(27245, 'EL CARMEN DE ATRATO', 27),
	(27250, 'EL LITORAL DEL SAN JUAN', 27),
	(27361, 'ISTMINA', 27),
	(27372, 'JURADO', 27),
	(27413, 'LLORO', 27),
	(27425, 'MEDIO ATRATO', 27),
	(27430, 'MEDIO BAUDO', 27),
	(27450, 'MEDIO SAN JUAN', 27),
	(27491, 'NOVITA', 27),
	(27495, 'NUQUI', 27),
	(27580, 'RIO IRO', 27),
	(27600, 'RIO QUITO', 27),
	(27615, 'RIOSUCIO', 27),
	(27660, 'SAN JOSE DEL PALMAR', 27),
	(27745, 'SIPI', 27),
	(27787, 'TADO', 27),
	(27800, 'UNGUIA', 27),
	(27810, 'UNION PANAMERICANA', 27),
	(41001, 'NEIVA', 41),
	(41006, 'ACEVEDO', 41),
	(41013, 'AGRADO', 41),
	(41016, 'AIPE', 41),
	(41020, 'ALGECIRAS', 41),
	(41026, 'ALTAMIRA', 41),
	(41078, 'BARAYA', 41),
	(41132, 'CAMPOALEGRE', 41),
	(41206, 'COLOMBIA', 41),
	(41244, 'ELIAS', 41),
	(41298, 'GARZON', 41),
	(41306, 'GIGANTE', 41),
	(41319, 'GUADALUPE', 41),
	(41349, 'HOBO', 41),
	(41357, 'IQUIRA', 41),
	(41359, 'ISNOS', 41),
	(41378, 'LA ARGENTINA', 41),
	(41396, 'LA PLATA', 41),
	(41483, 'NATAGA', 41),
	(41503, 'OPORAPA', 41),
	(41518, 'PAICOL', 41),
	(41524, 'PALERMO', 41),
	(41530, 'PALESTINA', 41),
	(41548, 'PITAL', 41),
	(41551, 'PITALITO', 41),
	(41615, 'RIVERA', 41),
	(41660, 'SALADOBLANCO', 41),
	(41668, 'SAN AGUSTIN', 41),
	(41676, 'SANTA MARIA', 41),
	(41770, 'SUAZA', 41),
	(41791, 'TARQUI', 41),
	(41797, 'TESALIA', 41),
	(41799, 'TELLO', 41),
	(41801, 'TERUEL', 41),
	(41807, 'TIMANA', 41),
	(41872, 'VILLAVIEJA', 41),
	(41885, 'YAGUARA', 41),
	(44001, 'RIOHACHA', 44),
	(44035, 'ALBANIA', 44),
	(44078, 'BARRANCAS', 44),
	(44090, 'DIBULLA', 44),
	(44098, 'DISTRACCION', 44),
	(44110, 'EL MOLINO', 44),
	(44279, 'FONSECA', 44),
	(44378, 'HATONUEVO', 44),
	(44420, 'LA JAGUA DEL PILAR', 44),
	(44430, 'MAICAO', 44),
	(44560, 'MANAURE', 44),
	(44650, 'SAN JUAN DEL CESAR', 44),
	(44847, 'URIBIA', 44),
	(44855, 'URUMITA', 44),
	(44874, 'VILLANUEVA', 44),
	(47001, 'SANTA MARTA', 47),
	(47030, 'ALGARROBO', 47),
	(47053, 'ARACATACA', 47),
	(47058, 'ARIGUANI', 47),
	(47161, 'CERRO SAN ANTONIO', 47),
	(47170, 'CHIBOLO', 47),
	(47189, 'CIENAGA', 47),
	(47205, 'CONCORDIA', 47),
	(47245, 'EL BANCO', 47),
	(47258, 'EL PI?ON', 47),
	(47268, 'EL RETEN', 47),
	(47288, 'FUNDACION', 47),
	(47318, 'GUAMAL', 47),
	(47460, 'NUEVA GRANADA', 47),
	(47541, 'PEDRAZA', 47),
	(47545, 'PIJI?O DEL CARMEN', 47),
	(47551, 'PIVIJAY', 47),
	(47555, 'PLATO', 47),
	(47570, 'PUEBLOVIEJO', 47),
	(47605, 'REMOLINO', 47),
	(47660, 'SABANAS DE SAN ANGEL', 47),
	(47675, 'SALAMINA', 47),
	(47692, 'SAN SEBASTIAN DE BUENAVISTA', 47),
	(47703, 'SAN ZENON', 47),
	(47707, 'SANTA ANA', 47),
	(47720, 'SANTA BARBARA DE PINTO', 47),
	(47745, 'SITIONUEVO', 47),
	(47798, 'TENERIFE', 47),
	(47960, 'ZAPAYAN', 47),
	(47980, 'ZONA BANANERA', 47),
	(50001, 'VILLAVICENCIO', 50),
	(50006, 'ACACIAS', 50),
	(50110, 'BARRANCA DE UPIA', 50),
	(50124, 'CABUYARO', 50),
	(50150, 'CASTILLA LA NUEVA', 50),
	(50223, 'CUBARRAL', 50),
	(50226, 'CUMARAL', 50),
	(50245, 'EL CALVARIO', 50),
	(50251, 'EL CASTILLO', 50),
	(50270, 'EL DORADO', 50),
	(50287, 'FUENTE DE ORO', 50),
	(50313, 'GRANADA', 50),
	(50318, 'GUAMAL', 50),
	(50325, 'MAPIRIPAN', 50),
	(50330, 'MESETAS', 50),
	(50350, 'LA MACARENA', 50),
	(50370, 'URIBE', 50),
	(50400, 'LEJANIAS', 50),
	(50450, 'PUERTO CONCORDIA', 50),
	(50568, 'PUERTO GAITAN', 50),
	(50573, 'PUERTO LOPEZ', 50),
	(50577, 'PUERTO LLERAS', 50),
	(50590, 'PUERTO RICO', 50),
	(50606, 'RESTREPO', 50),
	(50680, 'SAN CARLOS DE GUAROA', 50),
	(50683, 'SAN JUAN DE ARAMA', 50),
	(50686, 'SAN JUANITO', 50),
	(50689, 'SAN MARTIN', 50),
	(50711, 'VISTAHERMOSA', 50),
	(52001, 'PASTO', 52),
	(52019, 'ALBAN', 52),
	(52022, 'ALDANA', 52),
	(52036, 'ANCUYA', 52),
	(52051, 'ARBOLEDA', 52),
	(52079, 'BARBACOAS', 52),
	(52083, 'BELEN', 52),
	(52110, 'BUESACO', 52),
	(52203, 'COLON', 52),
	(52207, 'CONSACA', 52),
	(52210, 'CONTADERO', 52),
	(52215, 'CORDOBA', 52),
	(52224, 'CUASPUD', 52),
	(52227, 'CUMBAL', 52),
	(52233, 'CUMBITARA', 52),
	(52240, 'CHACHAGsI', 52),
	(52250, 'EL CHARCO', 52),
	(52254, 'EL PE?OL', 52),
	(52256, 'EL ROSARIO', 52),
	(52258, 'EL TABLON DE GOMEZ', 52),
	(52260, 'EL TAMBO', 52),
	(52287, 'FUNES', 52),
	(52317, 'GUACHUCAL', 52),
	(52320, 'GUAITARILLA', 52),
	(52323, 'GUALMATAN', 52),
	(52352, 'ILES', 52),
	(52354, 'IMUES', 52),
	(52356, 'IPIALES', 52),
	(52378, 'LA CRUZ', 52),
	(52381, 'LA FLORIDA', 52),
	(52385, 'LA LLANADA', 52),
	(52390, 'LA TOLA', 52),
	(52399, 'LA UNION', 52),
	(52405, 'LEIVA', 52),
	(52411, 'LINARES', 52),
	(52418, 'LOS ANDES', 52),
	(52427, 'MAGsI', 52),
	(52435, 'MALLAMA', 52),
	(52473, 'MOSQUERA', 52),
	(52480, 'NARI?O', 52),
	(52490, 'OLAYA HERRERA', 52),
	(52506, 'OSPINA', 52),
	(52520, 'FRANCISCO PIZARRO', 52),
	(52540, 'POLICARPA', 52),
	(52560, 'POTOSI', 52),
	(52565, 'PROVIDENCIA', 52),
	(52573, 'PUERRES', 52),
	(52585, 'PUPIALES', 52),
	(52612, 'RICAURTE', 52),
	(52621, 'ROBERTO PAYAN', 52),
	(52678, 'SAMANIEGO', 52),
	(52683, 'SANDONA', 52),
	(52685, 'SAN BERNARDO', 52),
	(52687, 'SAN LORENZO', 52),
	(52693, 'SAN PABLO', 52),
	(52694, 'SAN PEDRO DE CARTAGO', 52),
	(52696, 'SANTA BARBARA', 52),
	(52699, 'SANTACRUZ', 52),
	(52720, 'SAPUYES', 52),
	(52786, 'TAMINANGO', 52),
	(52788, 'TANGUA', 52),
	(52835, 'SAN ANDRES DE TUMACO', 52),
	(52838, 'TUQUERRES', 52),
	(52885, 'YACUANQUER', 52),
	(54001, 'CUCUTA', 54),
	(54003, 'ABREGO', 54),
	(54051, 'ARBOLEDAS', 54),
	(54099, 'BOCHALEMA', 54),
	(54109, 'BUCARASICA', 54),
	(54125, 'CACOTA', 54),
	(54128, 'CACHIRA', 54),
	(54172, 'CHINACOTA', 54),
	(54174, 'CHITAGA', 54),
	(54206, 'CONVENCION', 54),
	(54223, 'CUCUTILLA', 54),
	(54239, 'DURANIA', 54),
	(54245, 'EL CARMEN', 54),
	(54250, 'EL TARRA', 54),
	(54261, 'EL ZULIA', 54),
	(54313, 'GRAMALOTE', 54),
	(54344, 'HACARI', 54),
	(54347, 'HERRAN', 54),
	(54377, 'LABATECA', 54),
	(54385, 'LA ESPERANZA', 54),
	(54398, 'LA PLAYA', 54),
	(54405, 'LOS PATIOS', 54),
	(54418, 'LOURDES', 54),
	(54480, 'MUTISCUA', 54),
	(54498, 'OCA?A', 54),
	(54518, 'PAMPLONA', 54),
	(54520, 'PAMPLONITA', 54),
	(54553, 'PUERTO SANTANDER', 54),
	(54599, 'RAGONVALIA', 54),
	(54660, 'SALAZAR', 54),
	(54670, 'SAN CALIXTO', 54),
	(54673, 'SAN CAYETANO', 54),
	(54680, 'SANTIAGO', 54),
	(54720, 'SARDINATA', 54),
	(54743, 'SILOS', 54),
	(54800, 'TEORAMA', 54),
	(54810, 'TIBU', 54),
	(54820, 'TOLEDO', 54),
	(54871, 'VILLA CARO', 54),
	(54874, 'VILLA DEL ROSARIO', 54),
	(63001, 'ARMENIA', 63),
	(63111, 'BUENAVISTA', 63),
	(63130, 'CALARCA', 63),
	(63190, 'CIRCASIA', 63),
	(63212, 'CORDOBA', 63),
	(63272, 'FILANDIA', 63),
	(63302, 'GENOVA', 63),
	(63401, 'LA TEBAIDA', 63),
	(63470, 'MONTENEGRO', 63),
	(63548, 'PIJAO', 63),
	(63594, 'QUIMBAYA', 63),
	(63690, 'SALENTO', 63),
	(66001, 'PEREIRA', 66),
	(66045, 'APIA', 66),
	(66075, 'BALBOA', 66),
	(66088, 'BELEN DE UMBRIA', 66),
	(66170, 'DOSQUEBRADAS', 66),
	(66318, 'GUATICA', 66),
	(66383, 'LA CELIA', 66),
	(66400, 'LA VIRGINIA', 66),
	(66440, 'MARSELLA', 66),
	(66456, 'MISTRATO', 66),
	(66572, 'PUEBLO RICO', 66),
	(66594, 'QUINCHIA', 66),
	(66682, 'SANTA ROSA DE CABAL', 66),
	(66687, 'SANTUARIO', 66),
	(68001, 'BUCARAMANGA', 68),
	(68013, 'AGUADA', 68),
	(68020, 'ALBANIA', 68),
	(68051, 'ARATOCA', 68),
	(68077, 'BARBOSA', 68),
	(68079, 'BARICHARA', 68),
	(68081, 'BARRANCABERMEJA', 68),
	(68092, 'BETULIA', 68),
	(68101, 'BOLIVAR', 68),
	(68121, 'CABRERA', 68),
	(68132, 'CALIFORNIA', 68),
	(68147, 'CAPITANEJO', 68),
	(68152, 'CARCASI', 68),
	(68160, 'CEPITA', 68),
	(68162, 'CERRITO', 68),
	(68167, 'CHARALA', 68),
	(68169, 'CHARTA', 68),
	(68176, 'CHIMA', 68),
	(68179, 'CHIPATA', 68),
	(68190, 'CIMITARRA', 68),
	(68207, 'CONCEPCION', 68),
	(68209, 'CONFINES', 68),
	(68211, 'CONTRATACION', 68),
	(68217, 'COROMORO', 68),
	(68229, 'CURITI', 68),
	(68235, 'EL CARMEN DE CHUCURI', 68),
	(68245, 'EL GUACAMAYO', 68),
	(68250, 'EL PE?ON', 68),
	(68255, 'EL PLAYON', 68),
	(68264, 'ENCINO', 68),
	(68266, 'ENCISO', 68),
	(68271, 'FLORIAN', 68),
	(68276, 'FLORIDABLANCA', 68),
	(68296, 'GALAN', 68),
	(68298, 'GAMBITA', 68),
	(68307, 'GIRON', 68),
	(68318, 'GUACA', 68),
	(68320, 'GUADALUPE', 68),
	(68322, 'GUAPOTA', 68),
	(68324, 'GUAVATA', 68),
	(68327, 'GsEPSA', 68),
	(68344, 'HATO', 68),
	(68368, 'JESUS MARIA', 68),
	(68370, 'JORDAN', 68),
	(68377, 'LA BELLEZA', 68),
	(68385, 'LANDAZURI', 68),
	(68397, 'LA PAZ', 68),
	(68406, 'LEBRIJA', 68),
	(68418, 'LOS SANTOS', 68),
	(68425, 'MACARAVITA', 68),
	(68432, 'MALAGA', 68),
	(68444, 'MATANZA', 68),
	(68464, 'MOGOTES', 68),
	(68468, 'MOLAGAVITA', 68),
	(68498, 'OCAMONTE', 68),
	(68500, 'OIBA', 68),
	(68502, 'ONZAGA', 68),
	(68522, 'PALMAR', 68),
	(68524, 'PALMAS DEL SOCORRO', 68),
	(68533, 'PARAMO', 68),
	(68547, 'PIEDECUESTA', 68),
	(68549, 'PINCHOTE', 68),
	(68572, 'PUENTE NACIONAL', 68),
	(68573, 'PUERTO PARRA', 68),
	(68575, 'PUERTO WILCHES', 68),
	(68615, 'RIONEGRO', 68),
	(68655, 'SABANA DE TORRES', 68),
	(68669, 'SAN ANDRES', 68),
	(68673, 'SAN BENITO', 68),
	(68679, 'SAN GIL', 68),
	(68682, 'SAN JOAQUIN', 68),
	(68684, 'SAN JOSE DE MIRANDA', 68),
	(68686, 'SAN MIGUEL', 68),
	(68689, 'SAN VICENTE DE CHUCURI', 68),
	(68705, 'SANTA BARBARA', 68),
	(68720, 'SANTA HELENA DEL OPON', 68),
	(68745, 'SIMACOTA', 68),
	(68755, 'SOCORRO', 68),
	(68770, 'SUAITA', 68),
	(68773, 'SUCRE', 68),
	(68780, 'SURATA', 68),
	(68820, 'TONA', 68),
	(68855, 'VALLE DE SAN JOSE', 68),
	(68861, 'VELEZ', 68),
	(68867, 'VETAS', 68),
	(68872, 'VILLANUEVA', 68),
	(68895, 'ZAPATOCA', 68),
	(70001, 'SINCELEJO', 70),
	(70110, 'BUENAVISTA', 70),
	(70124, 'CAIMITO', 70),
	(70204, 'COLOSO', 70),
	(70215, 'COROZAL', 70),
	(70221, 'COVE?AS', 70),
	(70230, 'CHALAN', 70),
	(70233, 'EL ROBLE', 70),
	(70235, 'GALERAS', 70),
	(70265, 'GUARANDA', 70),
	(70400, 'LA UNION', 70),
	(70418, 'LOS PALMITOS', 70),
	(70429, 'MAJAGUAL', 70),
	(70473, 'MORROA', 70),
	(70508, 'OVEJAS', 70),
	(70523, 'PALMITO', 70),
	(70670, 'SAMPUES', 70),
	(70678, 'SAN BENITO ABAD', 70),
	(70702, 'SAN JUAN DE BETULIA', 70),
	(70708, 'SAN MARCOS', 70),
	(70713, 'SAN ONOFRE', 70),
	(70717, 'SAN PEDRO', 70),
	(70742, 'SAN LUIS DE SINCE', 70),
	(70771, 'SUCRE', 70),
	(70820, 'SANTIAGO DE TOLU', 70),
	(70823, 'TOLU VIEJO', 70),
	(73001, 'IBAGUE', 73),
	(73024, 'ALPUJARRA', 73),
	(73026, 'ALVARADO', 73),
	(73030, 'AMBALEMA', 73),
	(73043, 'ANZOATEGUI', 73),
	(73055, 'ARMERO', 73),
	(73067, 'ATACO', 73),
	(73124, 'CAJAMARCA', 73),
	(73148, 'CARMEN DE APICALA', 73),
	(73152, 'CASABIANCA', 73),
	(73168, 'CHAPARRAL', 73),
	(73200, 'COELLO', 73),
	(73217, 'COYAIMA', 73),
	(73226, 'CUNDAY', 73),
	(73236, 'DOLORES', 73),
	(73268, 'ESPINAL', 73),
	(73270, 'FALAN', 73),
	(73275, 'FLANDES', 73),
	(73283, 'FRESNO', 73),
	(73319, 'GUAMO', 73),
	(73347, 'HERVEO', 73),
	(73349, 'HONDA', 73),
	(73352, 'ICONONZO', 73),
	(73408, 'LERIDA', 73),
	(73411, 'LIBANO', 73),
	(73443, 'MARIQUITA', 73),
	(73449, 'MELGAR', 73),
	(73461, 'MURILLO', 73),
	(73483, 'NATAGAIMA', 73),
	(73504, 'ORTEGA', 73),
	(73520, 'PALOCABILDO', 73),
	(73547, 'PIEDRAS', 73),
	(73555, 'PLANADAS', 73),
	(73563, 'PRADO', 73),
	(73585, 'PURIFICACION', 73),
	(73616, 'RIOBLANCO', 73),
	(73622, 'RONCESVALLES', 73),
	(73624, 'ROVIRA', 73),
	(73671, 'SALDA?A', 73),
	(73675, 'SAN ANTONIO', 73),
	(73678, 'SAN LUIS', 73),
	(73686, 'SANTA ISABEL', 73),
	(73770, 'SUAREZ', 73),
	(73854, 'VALLE DE SAN JUAN', 73),
	(73861, 'VENADILLO', 73),
	(73870, 'VILLAHERMOSA', 73),
	(73873, 'VILLARRICA', 73),
	(76001, 'CALI', 76),
	(76020, 'ALCALA', 76),
	(76036, 'ANDALUCIA', 76),
	(76041, 'ANSERMANUEVO', 76),
	(76054, 'ARGELIA', 76),
	(76100, 'BOLIVAR', 76),
	(76109, 'BUENAVENTURA', 76),
	(76111, 'GUADALAJARA DE BUGA', 76),
	(76113, 'BUGALAGRANDE', 76),
	(76122, 'CAICEDONIA', 76),
	(76126, 'CALIMA', 76),
	(76130, 'CANDELARIA', 76),
	(76147, 'CARTAGO', 76),
	(76233, 'DAGUA', 76),
	(76243, 'EL AGUILA', 76),
	(76246, 'EL CAIRO', 76),
	(76248, 'EL CERRITO', 76),
	(76250, 'EL DOVIO', 76),
	(76275, 'FLORIDA', 76),
	(76306, 'GINEBRA', 76),
	(76318, 'GUACARI', 76),
	(76364, 'JAMUNDI', 76),
	(76377, 'LA CUMBRE', 76),
	(76400, 'LA UNION', 76),
	(76403, 'LA VICTORIA', 76),
	(76497, 'OBANDO', 76),
	(76520, 'PALMIRA', 76),
	(76563, 'PRADERA', 76),
	(76606, 'RESTREPO', 76),
	(76616, 'RIOFRIO', 76),
	(76622, 'ROLDANILLO', 76),
	(76670, 'SAN PEDRO', 76),
	(76736, 'SEVILLA', 76),
	(76823, 'TORO', 76),
	(76828, 'TRUJILLO', 76),
	(76834, 'TULUA', 76),
	(76845, 'ULLOA', 76),
	(76863, 'VERSALLES', 76),
	(76869, 'VIJES', 76),
	(76890, 'YOTOCO', 76),
	(76892, 'YUMBO', 76),
	(76895, 'ZARZAL', 76),
	(81001, 'ARAUCA', 81),
	(81065, 'ARAUQUITA', 81),
	(81220, 'CRAVO NORTE', 81),
	(81300, 'FORTUL', 81),
	(81591, 'PUERTO RONDON', 81),
	(81736, 'SARAVENA', 81),
	(81794, 'TAME', 81),
	(85001, 'YOPAL', 85),
	(85010, 'AGUAZUL', 85),
	(85015, 'CHAMEZA', 85),
	(85125, 'HATO COROZAL', 85),
	(85136, 'LA SALINA', 85),
	(85139, 'MANI', 85),
	(85162, 'MONTERREY', 85),
	(85225, 'NUNCHIA', 85),
	(85230, 'OROCUE', 85),
	(85250, 'PAZ DE ARIPORO', 85),
	(85263, 'PORE', 85),
	(85279, 'RECETOR', 85),
	(85300, 'SABANALARGA', 85),
	(85315, 'SACAMA', 85),
	(85325, 'SAN LUIS DE PALENQUE', 85),
	(85400, 'TAMARA', 85),
	(85410, 'TAURAMENA', 85),
	(85430, 'TRINIDAD', 85),
	(85440, 'VILLANUEVA', 85),
	(86001, 'MOCOA', 86),
	(86219, 'COLON', 86),
	(86320, 'ORITO', 86),
	(86568, 'PUERTO ASIS', 86),
	(86569, 'PUERTO CAICEDO', 86),
	(86571, 'PUERTO GUZMAN', 86),
	(86573, 'LEGUIZAMO', 86),
	(86749, 'SIBUNDOY', 86),
	(86755, 'SAN FRANCISCO', 86),
	(86757, 'SAN MIGUEL', 86),
	(86760, 'SANTIAGO', 86),
	(86865, 'VALLE DEL GUAMUEZ', 86),
	(86885, 'VILLAGARZON', 86),
	(88001, 'SAN ANDRES', 88),
	(88564, 'PROVIDENCIA', 88),
	(91001, 'LETICIA', 91),
	(91263, 'EL ENCANTO', 91),
	(91405, 'LA CHORRERA', 91),
	(91407, 'LA PEDRERA', 91),
	(91430, 'LA VICTORIA', 91),
	(91460, 'MIRITI - PARANA', 91),
	(91530, 'PUERTO ALEGRIA', 91),
	(91536, 'PUERTO ARICA', 91),
	(91540, 'PUERTO NARI?O', 91),
	(91669, 'PUERTO SANTANDER', 91),
	(91798, 'TARAPACA', 91),
	(94001, 'INIRIDA', 94),
	(94343, 'BARRANCO MINAS', 94),
	(94663, 'MAPIRIPANA', 94),
	(94883, 'SAN FELIPE', 94),
	(94884, 'PUERTO COLOMBIA', 94),
	(94885, 'LA GUADALUPE', 94),
	(94886, 'CACAHUAL', 94),
	(94887, 'PANA PANA', 94),
	(94888, 'MORICHAL', 94),
	(95001, 'SAN JOSE DEL GUAVIARE', 95),
	(95015, 'CALAMAR', 95),
	(95025, 'EL RETORNO', 95),
	(95200, 'MIRAFLORES', 95),
	(97001, 'MITU', 97),
	(97161, 'CARURU', 97),
	(97511, 'PACOA', 97),
	(97666, 'TARAIRA', 97),
	(97777, 'PAPUNAUA', 97),
	(97889, 'YAVARATE', 97),
	(99001, 'PUERTO CARRE?O', 99),
	(99524, 'LA PRIMAVERA', 99),
	(99624, 'SANTA ROSALIA', 99),
	(99773, 'CUMARIBO', 99);
/*!40000 ALTER TABLE `tb_ciudades` ENABLE KEYS */;

-- Volcando estructura para tabla db_proyectofarmacia.tb_clientes
DROP TABLE IF EXISTS `tb_clientes`;
CREATE TABLE IF NOT EXISTS `tb_clientes` (
  `id_cliente` int(11) NOT NULL,
  `nom_cliente` varchar(50) COLLATE utf8_spanish2_ci DEFAULT NULL,
  `dir_cliente` varchar(50) COLLATE utf8_spanish2_ci DEFAULT NULL,
  `tel_cliente` varchar(50) COLLATE utf8_spanish2_ci DEFAULT NULL,
  `core_cliente` varchar(50) COLLATE utf8_spanish2_ci DEFAULT NULL,
  `id_rol` int(11) DEFAULT NULL,
  PRIMARY KEY (`id_cliente`),
  KEY `id_rol` (`id_rol`),
  CONSTRAINT `tb_clientes_ibfk_1` FOREIGN KEY (`id_rol`) REFERENCES `tb_roles` (`id_rol`)
) ENGINE=InnoDB DEFAULT CHARSET=utf8 COLLATE=utf8_spanish2_ci;

-- Volcando datos para la tabla db_proyectofarmacia.tb_clientes: ~0 rows (aproximadamente)
/*!40000 ALTER TABLE `tb_clientes` DISABLE KEYS */;
/*!40000 ALTER TABLE `tb_clientes` ENABLE KEYS */;

-- Volcando estructura para tabla db_proyectofarmacia.tb_departamento
DROP TABLE IF EXISTS `tb_departamento`;
CREATE TABLE IF NOT EXISTS `tb_departamento` (
  `id_departamento` int(11) NOT NULL,
  `nom_departamento` varchar(50) COLLATE utf8_spanish2_ci DEFAULT NULL,
  `id_pais` int(11) DEFAULT NULL,
  PRIMARY KEY (`id_departamento`),
  KEY `id_pais` (`id_pais`),
  CONSTRAINT `tb_departamento_ibfk_1` FOREIGN KEY (`id_pais`) REFERENCES `tb_paises` (`id_pais`)
) ENGINE=InnoDB DEFAULT CHARSET=utf8 COLLATE=utf8_spanish2_ci;

-- Volcando datos para la tabla db_proyectofarmacia.tb_departamento: ~32 rows (aproximadamente)
/*!40000 ALTER TABLE `tb_departamento` DISABLE KEYS */;
REPLACE INTO `tb_departamento` (`id_departamento`, `nom_departamento`, `id_pais`) VALUES
	(5, 'ANTIOQUIA', 205),
	(8, 'ATLANTICO', 205),
	(11, 'CUNDINAMARCA', 205),
	(13, 'BOLIVAR', 205),
	(15, 'BOYACA', 205),
	(17, 'CALDAS', 205),
	(18, 'CAQUETA', 205),
	(19, 'CAUCA', 205),
	(20, 'CESAR', 205),
	(23, 'CORDOBA', 205),
	(27, 'CHOCO', 205),
	(41, 'HUILA', 205),
	(44, 'LA GUAJIRA', 205),
	(47, 'MAGDALENA', 205),
	(50, 'META', 205),
	(52, 'NARI?O', 205),
	(54, 'N. DE SANTANDER', 205),
	(63, 'QUINDIO', 205),
	(66, 'RISARALDA', 205),
	(68, 'SANTANDER', 205),
	(70, 'SUCRE', 205),
	(73, 'TOLIMA', 205),
	(76, 'VALLE DEL CAUCA', 205),
	(81, 'ARAUCA', 205),
	(85, 'CASANARE', 205),
	(86, 'PUTUMAYO', 205),
	(88, 'SAN ANDRES', 205),
	(91, 'AMAZONAS', 205),
	(94, 'GUAINIA', 205),
	(95, 'GUAVIARE', 205),
	(97, 'VAUPES', 205),
	(99, 'VICHADA', 205);
/*!40000 ALTER TABLE `tb_departamento` ENABLE KEYS */;

-- Volcando estructura para tabla db_proyectofarmacia.tb_empleados
DROP TABLE IF EXISTS `tb_empleados`;
CREATE TABLE IF NOT EXISTS `tb_empleados` (
  `id_empleado` int(11) NOT NULL,
  `nom_empleado` varchar(50) COLLATE utf8_spanish2_ci DEFAULT NULL,
  `apel_empleado` varchar(50) COLLATE utf8_spanish2_ci DEFAULT NULL,
  `nac_empleado` date DEFAULT NULL,
  `dir_empleado` varchar(50) COLLATE utf8_spanish2_ci DEFAULT NULL,
  `tel_empleado` varchar(50) COLLATE utf8_spanish2_ci DEFAULT NULL,
  `core_empleado` varchar(50) COLLATE utf8_spanish2_ci DEFAULT NULL,
  `carg_empleado` varchar(50) COLLATE utf8_spanish2_ci DEFAULT NULL,
  `id_rol` int(11) DEFAULT NULL,
  PRIMARY KEY (`id_empleado`),
  KEY `id_rol` (`id_rol`),
  CONSTRAINT `tb_empleados_ibfk_1` FOREIGN KEY (`id_rol`) REFERENCES `tb_roles` (`id_rol`)
) ENGINE=InnoDB DEFAULT CHARSET=utf8 COLLATE=utf8_spanish2_ci;

-- Volcando datos para la tabla db_proyectofarmacia.tb_empleados: ~0 rows (aproximadamente)
/*!40000 ALTER TABLE `tb_empleados` DISABLE KEYS */;
/*!40000 ALTER TABLE `tb_empleados` ENABLE KEYS */;

-- Volcando estructura para tabla db_proyectofarmacia.tb_estados
DROP TABLE IF EXISTS `tb_estados`;
CREATE TABLE IF NOT EXISTS `tb_estados` (
  `id_estado` int(11) NOT NULL,
  `nom_estado` varchar(50) COLLATE utf8_spanish2_ci DEFAULT NULL,
  PRIMARY KEY (`id_estado`)
) ENGINE=InnoDB DEFAULT CHARSET=utf8 COLLATE=utf8_spanish2_ci;

-- Volcando datos para la tabla db_proyectofarmacia.tb_estados: ~2 rows (aproximadamente)
/*!40000 ALTER TABLE `tb_estados` DISABLE KEYS */;
REPLACE INTO `tb_estados` (`id_estado`, `nom_estado`) VALUES
	(0, 'inactivo'),
	(1, 'activo');
/*!40000 ALTER TABLE `tb_estados` ENABLE KEYS */;

-- Volcando estructura para tabla db_proyectofarmacia.tb_facturas
DROP TABLE IF EXISTS `tb_facturas`;
CREATE TABLE IF NOT EXISTS `tb_facturas` (
  `id_factura` int(11) NOT NULL,
  `id_venta` int(11) DEFAULT NULL,
  `fecha_venta` date DEFAULT NULL,
  PRIMARY KEY (`id_factura`),
  KEY `id_venta` (`id_venta`),
  CONSTRAINT `tb_facturas_ibfk_1` FOREIGN KEY (`id_venta`) REFERENCES `tb_ventas` (`id_venta`)
) ENGINE=InnoDB DEFAULT CHARSET=utf8 COLLATE=utf8_spanish2_ci;

-- Volcando datos para la tabla db_proyectofarmacia.tb_facturas: ~0 rows (aproximadamente)
/*!40000 ALTER TABLE `tb_facturas` DISABLE KEYS */;
/*!40000 ALTER TABLE `tb_facturas` ENABLE KEYS */;

-- Volcando estructura para tabla db_proyectofarmacia.tb_farmacias
DROP TABLE IF EXISTS `tb_farmacias`;
CREATE TABLE IF NOT EXISTS `tb_farmacias` (
  `id_farmacia` int(11) NOT NULL,
  `nom_farmacia` varchar(50) COLLATE utf8_spanish2_ci DEFAULT NULL,
  `id_ciudad` int(11) DEFAULT NULL,
  `id_administrador` int(11) DEFAULT NULL,
  `id_propietario` int(11) DEFAULT NULL,
  PRIMARY KEY (`id_farmacia`),
  KEY `id_ciudad` (`id_ciudad`),
  KEY `id_empleado` (`id_administrador`),
  KEY `id_propietario` (`id_propietario`),
  CONSTRAINT `tb_farmacias_ibfk_1` FOREIGN KEY (`id_ciudad`) REFERENCES `tb_ciudades` (`id_ciudad`),
  CONSTRAINT `tb_farmacias_ibfk_2` FOREIGN KEY (`id_propietario`) REFERENCES `tb_propietarios` (`id_propietario`),
  CONSTRAINT `tb_farmacias_ibfk_3` FOREIGN KEY (`id_administrador`) REFERENCES `tb_empleados` (`id_empleado`)
) ENGINE=InnoDB DEFAULT CHARSET=utf8 COLLATE=utf8_spanish2_ci;

-- Volcando datos para la tabla db_proyectofarmacia.tb_farmacias: ~0 rows (aproximadamente)
/*!40000 ALTER TABLE `tb_farmacias` DISABLE KEYS */;
/*!40000 ALTER TABLE `tb_farmacias` ENABLE KEYS */;

-- Volcando estructura para tabla db_proyectofarmacia.tb_fpago
DROP TABLE IF EXISTS `tb_fpago`;
CREATE TABLE IF NOT EXISTS `tb_fpago` (
  `id_fpago` int(11) NOT NULL,
  `nom_fpago` varchar(50) COLLATE utf8_spanish2_ci DEFAULT NULL,
  PRIMARY KEY (`id_fpago`)
) ENGINE=InnoDB DEFAULT CHARSET=utf8 COLLATE=utf8_spanish2_ci;

-- Volcando datos para la tabla db_proyectofarmacia.tb_fpago: ~2 rows (aproximadamente)
/*!40000 ALTER TABLE `tb_fpago` DISABLE KEYS */;
REPLACE INTO `tb_fpago` (`id_fpago`, `nom_fpago`) VALUES
	(1, 'efectivo'),
	(2, 'tarjeta debito'),
	(3, 'tarjeta credito');
/*!40000 ALTER TABLE `tb_fpago` ENABLE KEYS */;

-- Volcando estructura para tabla db_proyectofarmacia.tb_logs
DROP TABLE IF EXISTS `tb_logs`;
CREATE TABLE IF NOT EXISTS `tb_logs` (
  `id_log` int(11) NOT NULL,
  `id_usuario` int(11) DEFAULT NULL,
  `fec_ingreso` date DEFAULT NULL,
  `fec_salida` date DEFAULT NULL,
  PRIMARY KEY (`id_log`),
  KEY `id_usuario` (`id_usuario`),
  CONSTRAINT `tb_logs_ibfk_1` FOREIGN KEY (`id_usuario`) REFERENCES `tb_usuarios` (`id_usuario`)
) ENGINE=InnoDB DEFAULT CHARSET=utf8 COLLATE=utf8_spanish2_ci;

-- Volcando datos para la tabla db_proyectofarmacia.tb_logs: ~0 rows (aproximadamente)
/*!40000 ALTER TABLE `tb_logs` DISABLE KEYS */;
/*!40000 ALTER TABLE `tb_logs` ENABLE KEYS */;

-- Volcando estructura para tabla db_proyectofarmacia.tb_nomina
DROP TABLE IF EXISTS `tb_nomina`;
CREATE TABLE IF NOT EXISTS `tb_nomina` (
  `id_nomina` int(11) NOT NULL,
  `id_empleado` int(11) DEFAULT NULL,
  `salario` float DEFAULT NULL,
  `valor_hextra` float DEFAULT NULL,
  `descuento` float DEFAULT NULL,
  `neto` float DEFAULT NULL,
  PRIMARY KEY (`id_nomina`),
  KEY `id_empleado` (`id_empleado`),
  CONSTRAINT `tb_nomina_ibfk_1` FOREIGN KEY (`id_empleado`) REFERENCES `tb_empleados` (`id_empleado`)
) ENGINE=InnoDB DEFAULT CHARSET=utf8 COLLATE=utf8_spanish2_ci;

-- Volcando datos para la tabla db_proyectofarmacia.tb_nomina: ~0 rows (aproximadamente)
/*!40000 ALTER TABLE `tb_nomina` DISABLE KEYS */;
/*!40000 ALTER TABLE `tb_nomina` ENABLE KEYS */;

-- Volcando estructura para tabla db_proyectofarmacia.tb_paises
DROP TABLE IF EXISTS `tb_paises`;
CREATE TABLE IF NOT EXISTS `tb_paises` (
  `id_pais` int(11) NOT NULL,
  `abre_pais` varchar(7) COLLATE utf8_spanish2_ci DEFAULT NULL,
  `nom_pais` varchar(50) COLLATE utf8_spanish2_ci DEFAULT NULL,
  PRIMARY KEY (`id_pais`)
) ENGINE=InnoDB DEFAULT CHARSET=utf8 COLLATE=utf8_spanish2_ci;

-- Volcando datos para la tabla db_proyectofarmacia.tb_paises: ~199 rows (aproximadamente)
/*!40000 ALTER TABLE `tb_paises` DISABLE KEYS */;
REPLACE INTO `tb_paises` (`id_pais`, `abre_pais`, `nom_pais`) VALUES
	(101, 'BFA', 'Burkina Faso'),
	(102, 'DZA', 'Argelia'),
	(103, 'BWA', 'Botswana'),
	(104, 'BDI', 'Burundi'),
	(105, 'CMR', 'Camerun'),
	(107, 'CAF', 'Republica Centroafricana'),
	(108, 'COG', 'Congo'),
	(109, 'COD', 'Republica Democratica del Congo'),
	(111, 'TCD', 'Chad'),
	(112, 'BEN', 'Benin'),
	(113, 'EGY', 'Egipto'),
	(115, 'GAB', 'Gabon'),
	(116, 'GMB', 'Gambia'),
	(117, 'GHA', 'Ghana'),
	(118, 'GIN', 'Guinea'),
	(119, 'GNQ', 'Guinea Ecuatorial'),
	(120, 'KEN', 'Kenya'),
	(121, 'LSO', 'Lesotho'),
	(122, 'LBR', 'Liberia'),
	(123, 'LBY', 'Libia'),
	(124, 'MDG', 'Madagascar'),
	(125, 'MWI', 'Malawi'),
	(126, 'MLI', 'Mali'),
	(127, 'MAR', 'Marruecos'),
	(128, 'MUS', 'Mauricio'),
	(129, 'MRT', 'Mauritania'),
	(130, 'NER', 'Niger'),
	(131, 'NGA', 'Nigeria'),
	(132, 'ZWE', 'Zimbabwe'),
	(133, 'RWA', 'Rwanda'),
	(134, 'SEN', 'Senegal'),
	(135, 'SLE', 'Sierra Leona'),
	(136, 'SOM', 'Somalia'),
	(137, 'SWZ', 'Swazilandia'),
	(139, 'TZA', 'Tanzania'),
	(140, 'TGO', 'Togo'),
	(141, 'TUN', 'Tunez'),
	(142, 'UGA', 'Uganda'),
	(144, 'ZMB', 'Zambia'),
	(149, 'AGO', 'Angola'),
	(150, 'CPV', 'Cabo Verde'),
	(151, 'MOZ', 'Mozambique'),
	(152, 'SYC', 'Seychelles'),
	(153, 'DJI', 'Djibouti'),
	(155, 'COM', 'Comoras'),
	(156, 'GNB', 'Guinea Bissau'),
	(157, 'STP', 'Santo Tome y Principe'),
	(158, 'NAM', 'Namibia'),
	(159, 'ZAF', 'Sudafrica'),
	(160, 'ERI', 'Eritrea'),
	(161, 'ETH', 'Etiopia'),
	(162, 'SDN', 'Sudan'),
	(163, 'SSD', 'Sudan del Sur'),
	(200, 'ARG', 'Argentina'),
	(201, 'BRB', 'Barbados'),
	(202, 'BOL', 'Bolivia'),
	(203, 'BRA', 'Brasil'),
	(204, 'CAN', 'Canada'),
	(205, 'COL', 'Colombia'),
	(206, 'CRI', 'Costa Rica'),
	(207, 'CUB', 'Cuba'),
	(208, 'CHL', 'Chile'),
	(209, 'DOM', 'Republica Dominicana'),
	(210, 'ECU', 'Ecuador'),
	(211, 'SLV', 'El Salvador'),
	(212, 'USA', 'Estados Unidos'),
	(213, 'GTM', 'Guatemala'),
	(214, 'GUY', 'Guyana'),
	(215, 'HTI', 'Haiti'),
	(216, 'HND', 'Honduras'),
	(217, 'JAM', 'Jamaica'),
	(218, 'MEX', 'Mexico'),
	(219, 'NIC', 'Nicaragua'),
	(220, 'PAN', 'Panama'),
	(221, 'PRY', 'Paraguay'),
	(222, 'PER', 'Peru'),
	(223, 'PRI', 'Puerto Rico'),
	(224, 'TTO', 'Trinidad y Tobago'),
	(225, 'URY', 'Uruguay'),
	(226, 'VEN', 'Venezuela'),
	(232, 'SUR', 'Suriname'),
	(233, 'DMA', 'Dominica'),
	(234, 'LCA', 'Santa Lucia'),
	(235, 'VCT', 'San Vicente y Las Granadinas'),
	(236, 'BLZ', 'Belice'),
	(237, 'ATG', 'Antigua y Barbuda'),
	(238, 'KNA', 'San Cristobal y Nevis'),
	(239, 'BHS', 'Bahamas'),
	(240, 'GRD', 'Granada'),
	(241, 'ANT', 'Antillas Holandesas'),
	(242, 'ABW', 'Aruba'),
	(301, 'AFG', 'Afganistan'),
	(302, 'SAU', 'Arabia Saudita'),
	(303, 'BHR', 'Bahrein'),
	(304, 'MMR', 'Myanmar'),
	(305, 'BTN', 'Bhutan'),
	(306, 'KHM', 'Camboya'),
	(307, 'LKA', 'Sri Lanka'),
	(308, 'PRK', 'Corea Democratica y Popular'),
	(309, 'KOR', 'Corea'),
	(310, 'CHN', 'China'),
	(312, 'PHL', 'Filipinas'),
	(313, 'TWN', 'Taiwan'),
	(315, 'IND', 'India'),
	(316, 'IDN', 'Indonesia'),
	(317, 'IRQ', 'Iraq'),
	(318, 'IRN', 'Iran'),
	(319, 'ISR', 'Israel'),
	(320, 'JPN', 'Japon'),
	(321, 'JOR', 'Jordania'),
	(322, 'QAT', 'Qatar'),
	(323, 'KWT', 'Kuwait'),
	(324, 'LAO', 'Laos'),
	(325, 'LBN', 'Libano'),
	(326, 'MYS', 'Malasia'),
	(327, 'MDV', 'Maldivas'),
	(328, 'OMN', 'Oman'),
	(329, 'MNG', 'Mongolia'),
	(330, 'NPL', 'Nepal'),
	(331, 'ARE', 'Emiratos Arabes Unidos'),
	(332, 'PAK', 'Pakistan'),
	(333, 'SGP', 'Singapur'),
	(334, 'SYR', 'Siria'),
	(335, 'THA', 'Tailandia'),
	(337, 'VNM', 'Viet Nam'),
	(345, 'BGD', 'Bangladesh'),
	(346, 'BRN', 'Brunei'),
	(348, 'YEM', 'Yemen'),
	(349, 'ARM', 'Armenia'),
	(350, 'AZE', 'Azerbaiyan'),
	(351, 'GEO', 'Georgia'),
	(352, 'KAZ', 'Kazajstan'),
	(353, 'KGZ', 'Kirguistan'),
	(354, 'TJK', 'Tayikistan'),
	(355, 'TKM', 'Turkmenistan'),
	(356, 'UZB', 'Uzbekistan'),
	(357, 'PSE', 'Palestina'),
	(358, 'TLS', 'Timor Leste'),
	(401, 'ALB', 'Albania'),
	(404, 'AND', 'Andorra'),
	(405, 'AUT', 'Austria'),
	(406, 'BEL', 'Balgica'),
	(407, 'BGR', 'Bulgaria'),
	(409, 'DNK', 'Dinamarca'),
	(410, 'ESP', 'Espana'),
	(411, 'FIN', 'Finlandia'),
	(412, 'FRA', 'Francia'),
	(413, 'GRC', 'Grecia'),
	(414, 'HUN', 'Hungria'),
	(415, 'IRL', 'Irlanda'),
	(416, 'ISL', 'Islandia'),
	(417, 'ITA', 'Italia'),
	(418, 'LIE', 'Liechtenstein'),
	(419, 'LUX', 'Luxemburgo'),
	(420, 'MLT', 'Malta'),
	(421, 'MCO', 'Monaco'),
	(422, 'NOR', 'Noruega'),
	(423, 'NLD', 'Paises Bajos'),
	(424, 'POL', 'Polonia'),
	(425, 'PRT', 'Portugal'),
	(426, 'GBR', 'Reino Unido de Gran Bretana e Irlanda del Norte'),
	(427, 'ROU', 'Rumania'),
	(428, 'SMR', 'San Marino'),
	(429, 'SWE', 'Suecia'),
	(430, 'CHE', 'Suiza'),
	(431, 'VAT', 'Vaticano'),
	(435, 'CYP', 'Chipre'),
	(436, 'TUR', 'Turquia'),
	(438, 'DEU', 'Alemania'),
	(439, 'BLR', 'Belarus'),
	(440, 'EST', 'Estonia'),
	(441, 'LVA', 'Letonia'),
	(442, 'LTU', 'Lituania'),
	(443, 'MDA', 'Moldova'),
	(444, 'RUS', 'Rusia'),
	(445, 'UKR', 'Ucrania'),
	(446, 'BIH', 'Bosnia y Herzegovina'),
	(447, 'HRV', 'Croacia'),
	(448, 'SVK', 'Eslovaquia'),
	(449, 'SVN', 'Eslovenia'),
	(450, 'MKD', 'Macedonia'),
	(451, 'CZE', 'Republica Checa'),
	(453, 'MNE', 'Montenegro'),
	(454, 'SRB', 'Serbia'),
	(501, 'AUS', 'Australia'),
	(503, 'NRU', 'Nauru'),
	(504, 'NZL', 'Nueva Zelandia'),
	(505, 'VUT', 'Vanuatu'),
	(506, 'WSM', 'Samoa'),
	(512, 'FJI', 'Fiji'),
	(513, 'PNG', 'Papua Nueva Guinea'),
	(514, 'KIR', 'Kiribati'),
	(515, 'FSM', 'Micronesia'),
	(516, 'PLW', 'Palau'),
	(517, 'TUV', 'Tuvalu'),
	(518, 'SLB', 'Islas Salomon'),
	(519, 'TON', 'Tonga'),
	(520, 'MHL', 'Islas Marshall'),
	(521, 'MNP', 'Islas Marianas');
/*!40000 ALTER TABLE `tb_paises` ENABLE KEYS */;

-- Volcando estructura para tabla db_proyectofarmacia.tb_presentaciones
DROP TABLE IF EXISTS `tb_presentaciones`;
CREATE TABLE IF NOT EXISTS `tb_presentaciones` (
  `id_presentacion` int(11) NOT NULL,
  `nom_presentacion` varchar(50) COLLATE utf8_spanish2_ci DEFAULT NULL,
  PRIMARY KEY (`id_presentacion`)
) ENGINE=InnoDB DEFAULT CHARSET=utf8 COLLATE=utf8_spanish2_ci;

-- Volcando datos para la tabla db_proyectofarmacia.tb_presentaciones: ~6 rows (aproximadamente)
/*!40000 ALTER TABLE `tb_presentaciones` DISABLE KEYS */;
REPLACE INTO `tb_presentaciones` (`id_presentacion`, `nom_presentacion`) VALUES
	(1, 'tableta'),
	(2, 'jarabe'),
	(3, 'crema'),
	(4, 'suspension'),
	(5, 'capsulas'),
	(6, 'gotas');
/*!40000 ALTER TABLE `tb_presentaciones` ENABLE KEYS */;

-- Volcando estructura para tabla db_proyectofarmacia.tb_productos
DROP TABLE IF EXISTS `tb_productos`;
CREATE TABLE IF NOT EXISTS `tb_productos` (
  `id_producto` int(11) NOT NULL,
  `nom_producto` varchar(50) COLLATE utf8_spanish2_ci DEFAULT NULL,
  `cost_producto` float DEFAULT NULL,
  `pres_producto` float DEFAULT NULL,
  `img_producto` blob,
  `id_proveedor` int(11) DEFAULT NULL,
  `stock_producto` int(11) DEFAULT NULL,
  `id_presentacion` int(11) DEFAULT NULL,
  PRIMARY KEY (`id_producto`),
  KEY `id_proveedor` (`id_proveedor`),
  KEY `id_presentacion` (`id_presentacion`),
  CONSTRAINT `tb_productos_ibfk_1` FOREIGN KEY (`id_proveedor`) REFERENCES `tb_proveedores` (`id_proveedor`),
  CONSTRAINT `tb_productos_ibfk_2` FOREIGN KEY (`id_presentacion`) REFERENCES `tb_presentaciones` (`id_presentacion`)
) ENGINE=InnoDB DEFAULT CHARSET=utf8 COLLATE=utf8_spanish2_ci;

-- Volcando datos para la tabla db_proyectofarmacia.tb_productos: ~1 rows (aproximadamente)
/*!40000 ALTER TABLE `tb_productos` DISABLE KEYS */;
REPLACE INTO `tb_productos` (`id_producto`, `nom_producto`, `cost_producto`, `pres_producto`, `img_producto`, `id_proveedor`, `stock_producto`, `id_presentacion`) VALUES
	(11, 'producto x', 100, 1000, NULL, 2, 12, 6);
/*!40000 ALTER TABLE `tb_productos` ENABLE KEYS */;

-- Volcando estructura para tabla db_proyectofarmacia.tb_productosxprovedor
DROP TABLE IF EXISTS `tb_productosxprovedor`;
CREATE TABLE IF NOT EXISTS `tb_productosxprovedor` (
  `id_prodxprov` int(11) NOT NULL,
  `id_proveedor` int(11) DEFAULT NULL,
  `id_producto` int(11) DEFAULT NULL,
  PRIMARY KEY (`id_prodxprov`)
) ENGINE=InnoDB DEFAULT CHARSET=utf8 COLLATE=utf8_spanish2_ci;

-- Volcando datos para la tabla db_proyectofarmacia.tb_productosxprovedor: ~0 rows (aproximadamente)
/*!40000 ALTER TABLE `tb_productosxprovedor` DISABLE KEYS */;
/*!40000 ALTER TABLE `tb_productosxprovedor` ENABLE KEYS */;

-- Volcando estructura para tabla db_proyectofarmacia.tb_propietarios
DROP TABLE IF EXISTS `tb_propietarios`;
CREATE TABLE IF NOT EXISTS `tb_propietarios` (
  `id_propietario` int(11) NOT NULL,
  `nom_propietario` varchar(50) COLLATE utf8_spanish2_ci DEFAULT NULL,
  `ape_propietario` varchar(50) COLLATE utf8_spanish2_ci DEFAULT NULL,
  `dir_propietario` varchar(50) COLLATE utf8_spanish2_ci DEFAULT NULL,
  `tel_propietario` varchar(50) COLLATE utf8_spanish2_ci DEFAULT NULL,
  `id_farmacia` int(11) DEFAULT NULL,
  PRIMARY KEY (`id_propietario`),
  KEY `id_farmacia` (`id_farmacia`),
  CONSTRAINT `tb_propietarios_ibfk_1` FOREIGN KEY (`id_farmacia`) REFERENCES `tb_farmacias` (`id_farmacia`)
) ENGINE=InnoDB DEFAULT CHARSET=utf8 COLLATE=utf8_spanish2_ci;

-- Volcando datos para la tabla db_proyectofarmacia.tb_propietarios: ~0 rows (aproximadamente)
/*!40000 ALTER TABLE `tb_propietarios` DISABLE KEYS */;
/*!40000 ALTER TABLE `tb_propietarios` ENABLE KEYS */;

-- Volcando estructura para tabla db_proyectofarmacia.tb_proveedores
DROP TABLE IF EXISTS `tb_proveedores`;
CREATE TABLE IF NOT EXISTS `tb_proveedores` (
  `id_proveedor` int(11) NOT NULL,
  `nom_proveedor` varchar(50) COLLATE utf8_spanish2_ci DEFAULT NULL,
  `dir_proveedor` varchar(50) COLLATE utf8_spanish2_ci DEFAULT NULL,
  `tel_proveedor` varchar(50) COLLATE utf8_spanish2_ci DEFAULT NULL,
  PRIMARY KEY (`id_proveedor`)
) ENGINE=InnoDB DEFAULT CHARSET=utf8 COLLATE=utf8_spanish2_ci;

-- Volcando datos para la tabla db_proyectofarmacia.tb_proveedores: ~4 rows (aproximadamente)
/*!40000 ALTER TABLE `tb_proveedores` DISABLE KEYS */;
REPLACE INTO `tb_proveedores` (`id_proveedor`, `nom_proveedor`, `dir_proveedor`, `tel_proveedor`) VALUES
	(1, 'Genfar', 'Cll 1', '1'),
	(2, 'Baxter', 'Cll 2', '2'),
	(3, 'Tecnoquimicas', 'Cll 3', '3'),
	(4, 'Belleza Express', 'Cll 4', '4');
/*!40000 ALTER TABLE `tb_proveedores` ENABLE KEYS */;

-- Volcando estructura para tabla db_proyectofarmacia.tb_roles
DROP TABLE IF EXISTS `tb_roles`;
CREATE TABLE IF NOT EXISTS `tb_roles` (
  `id_rol` int(11) NOT NULL,
  `nom_rol` varchar(50) COLLATE utf8_spanish2_ci DEFAULT NULL,
  PRIMARY KEY (`id_rol`)
) ENGINE=InnoDB DEFAULT CHARSET=utf8 COLLATE=utf8_spanish2_ci;

-- Volcando datos para la tabla db_proyectofarmacia.tb_roles: ~4 rows (aproximadamente)
/*!40000 ALTER TABLE `tb_roles` DISABLE KEYS */;
REPLACE INTO `tb_roles` (`id_rol`, `nom_rol`) VALUES
	(1, 'Administrador Sistmas'),
	(2, 'Administrador Farmacias'),
	(3, 'Empleado'),
	(4, 'Cliente'),
	(5, 'Invitado');
/*!40000 ALTER TABLE `tb_roles` ENABLE KEYS */;

-- Volcando estructura para tabla db_proyectofarmacia.tb_usuarios
DROP TABLE IF EXISTS `tb_usuarios`;
CREATE TABLE IF NOT EXISTS `tb_usuarios` (
  `id_usuario` int(11) NOT NULL,
  `usuario` int(11) DEFAULT NULL,
  `clave` int(11) DEFAULT NULL,
  `id_estado` int(1) DEFAULT NULL,
  PRIMARY KEY (`id_usuario`),
  KEY `id_estado` (`id_estado`),
  CONSTRAINT `tb_usuarios_ibfk_1` FOREIGN KEY (`id_estado`) REFERENCES `tb_estados` (`id_estado`)
) ENGINE=InnoDB DEFAULT CHARSET=utf8 COLLATE=utf8_spanish2_ci;

-- Volcando datos para la tabla db_proyectofarmacia.tb_usuarios: ~0 rows (aproximadamente)
/*!40000 ALTER TABLE `tb_usuarios` DISABLE KEYS */;
/*!40000 ALTER TABLE `tb_usuarios` ENABLE KEYS */;

-- Volcando estructura para tabla db_proyectofarmacia.tb_ventas
DROP TABLE IF EXISTS `tb_ventas`;
CREATE TABLE IF NOT EXISTS `tb_ventas` (
  `id_venta` int(11) NOT NULL,
  `id_producto` int(11) DEFAULT NULL,
  `cantidad` int(11) DEFAULT NULL,
  `precio` float DEFAULT NULL,
  `id_fpago` int(11) DEFAULT NULL,
  PRIMARY KEY (`id_venta`),
  KEY `id_producto` (`id_producto`),
  KEY `id_fpago` (`id_fpago`),
  CONSTRAINT `tb_ventas_ibfk_1` FOREIGN KEY (`id_producto`) REFERENCES `tb_productos` (`id_producto`),
  CONSTRAINT `tb_ventas_ibfk_2` FOREIGN KEY (`id_fpago`) REFERENCES `tb_fpago` (`id_fpago`)
) ENGINE=InnoDB DEFAULT CHARSET=utf8 COLLATE=utf8_spanish2_ci;

-- Volcando datos para la tabla db_proyectofarmacia.tb_ventas: ~0 rows (aproximadamente)
/*!40000 ALTER TABLE `tb_ventas` DISABLE KEYS */;
/*!40000 ALTER TABLE `tb_ventas` ENABLE KEYS */;

/*!40101 SET SQL_MODE=IFNULL(@OLD_SQL_MODE, '') */;
/*!40014 SET FOREIGN_KEY_CHECKS=IF(@OLD_FOREIGN_KEY_CHECKS IS NULL, 1, @OLD_FOREIGN_KEY_CHECKS) */;
/*!40101 SET CHARACTER_SET_CLIENT=@OLD_CHARACTER_SET_CLIENT */;
